<?xml version="1.0" encoding="UTF-8"?>
<!DOCTYPE mapper PUBLIC "-//mybatis.org//DTD Mapper 3.0//EN"
"http://mybatis.org/dtd/mybatis-3-mapper.dtd">
<mapper namespace="EmpDao">

	<select id="tkEmptotal" resultType="int">
		select Count(*)  FROM emp
	</select>

    <select id="tkEmpListAll" parameterType="Emp" resultType="Emp">
         select * 
         from (select rownum rn, a.* 
               from (select * from emp order by empno) a
              ) 
    	 where rn between #{start} and #{end}    
    </select>
    
    <select id="tkEmpSelOne"  parameterType="int" resultType="Emp" >
       select * From emp Where empno = #{empno}   
   </select>  
   
   <update id="TKempUpdate" parameterType="com.oracle.oBootMybatis03.model.Emp">
	 update emp set ename=#{ename}, job=#{job}, mgr=#{mgr},
	    sal=#{sal}, 
	    hiredate=#{hiredate}, 
	    <if test="comm!=null"> 	comm=#{comm},    </if>
	    deptno=#{deptno} where empno=#{empno}
   </update>
   
   <select id="tkSelectManager" resultType="Emp">
        SELECT   * 
        FROM    emp 
        WHERE   empno in (select mgr from emp)
    </select>
   
       
</mapper>